credit_grade,borrower_count,avg_predicted_pd,observed_default_rate,min_pd,max_pd,portfolio_share
AAA,473,0.024066687550996235,0.0,0.01741454202580112,0.02853016344473902,0.13160823594880355
AA,472,0.032664960327020036,0.0,0.028531964448209282,0.03717316590704239,0.13132999443516974
A,473,0.04249620145204453,0.0,0.03718298023643726,0.04859500182893815,0.13160823594880355
BBB,472,0.0569413113478333,0.0,0.048609204872393987,0.0658937789978179,0.13132999443516974
BB,473,0.07800342207927821,0.0,0.06598764687401401,0.0924223981311753,0.13160823594880355
B,472,0.11291404273822718,0.0,0.09250072898096905,0.13688422205568423,0.13132999443516974
C,473,0.18852649412239667,0.0,0.1370189241143255,0.3407117483988584,0.13160823594880355
D,286,0.13478105298354137,1.0,0.017241483535688176,0.31108662881629695,0.07957707289927657
