credit_grade,borrower_count,avg_predicted_pd,observed_default_rate,min_pd,max_pd,portfolio_share
AAA,473,0.02620713801037789,0.0,0.021632684997452155,0.029891259124127822,0.13160823594880355
AA,472,0.033794847404952914,0.0,0.029920796755588692,0.03781598585775649,0.13132999443516974
A,473,0.04312055328852671,0.0,0.037827836821164716,0.04885445943811748,0.13160823594880355
BBB,472,0.05628888787348653,0.0,0.04893260288624114,0.06509884529043522,0.13132999443516974
BB,473,0.0764666744187957,0.0,0.06511390553951,0.08976373204303814,0.13160823594880355
B,472,0.1103454670185145,0.0,0.0900293209639175,0.13638081610407052,0.13132999443516974
C,473,0.1874442179308043,0.0,0.1363960072059326,0.3145163663878111,0.13160823594880355
D,286,0.13268298834573103,1.0,0.02160094970967574,0.31680342682734497,0.07957707289927657
