decision_recommendation,borrower_count,avg_predicted_pd,observed_default_rate,share_of_portfolio
Approve,1418,0.03437458812377973,0.0,0.39454646633277685
Review,945,0.06638845722367831,0.0,0.2629382303839733
Reject,1231,0.14515963459048606,0.2323314378554021,0.34251530328324986
