decision_band,borrower_count,avg_predicted_pd,observed_default_rate,share_of_portfolio
Approve,1438,0.033939283015512335,0.03337969401947149,0.4001112966054535
Reject,1438,0.1379883858211256,0.13977746870653684,0.4001112966054535
Review,718,0.059010427767754184,0.05153203342618384,0.19977740678909292
