total_borrowers,portfolio_avg_calibrated_pd,observed_default_rate,approval_rate,review_rate,reject_rate,investment_grade_share,review_grade_share,high_risk_exposure
3594,0.08069501069963562,0.07957707289927657,0.39454646633277685,0.2629382303839733,0.34251530328324986,0.39454646633277685,0.2629382303839733,0.34251530328324986
