grade_group,borrower_count,avg_predicted_pd,observed_default_rate,share_of_portfolio
Investment Grade,1418,0.03307623961409854,0.0,0.39454646633277685
Review Grade,945,0.06748351068748773,0.0,0.2629382303839733
High Risk,1231,0.147047799387189,0.2323314378554021,0.34251530328324986
