grade_group,borrower_count,avg_predicted_pd,observed_default_rate,share_of_portfolio
Investment Grade,1418,0.03326771819931955,0.0,0.39454646633277685
Review Grade,945,0.06698192933891971,0.0,0.2629382303839733
High Risk,1231,0.14585403803621136,0.2323314378554021,0.34251530328324986
