scenario,avg_pd,avg_lgd,total_ead,total_ecl,ecl_uplift,ecl_uplift_pct
Baseline,0.08069501069963562,0.3820249919897469,2091207366.0,51139409.242633194,0.0,0.0
Monetary Tightening,0.11112733967785535,0.43202499198974686,2133031513.32,79820406.63728291,28680997.394649714,0.5608394351716395
Mild Recession,0.1343806907941673,0.48202499198974685,2195767734.3,109303292.34683345,58163883.10420026,1.1373593079309763
Severe Downturn,0.2329157378620958,0.5820249919897469,2300328102.6,234575366.70588169,183435957.4632485,3.586978421923657
