decision_pd_threshold,borrower_count,avg_predicted_pd,observed_default_rate,share_of_portfolio
Approve,1530,0.034829580337087954,0.03202614379084967,0.4257095158597663
Reject,483,0.20371346909253196,0.23395445134575568,0.1343906510851419
Review,1581,0.08723504834718239,0.0784313725490196,0.43989983305509184
