decision_pd_threshold,borrower_count,avg_predicted_pd,observed_default_rate,share_of_portfolio
Approve,1510,0.03384772016151575,0.02781456953642384,0.4201446855870896
Review,1582,0.08751457066557437,0.08154235145385588,0.44017807456872565
Reject,502,0.2001190442582928,0.2290836653386454,0.13967723984418476
