decision_pd_threshold,borrower_count,avg_predicted_pd,observed_default_rate,share_of_portfolio
Approve,1502,0.03360183345386227,0.02796271637816245,0.41791875347801893
Review,1584,0.08748862533701914,0.08143939393939394,0.44073455759599334
Reject,508,0.20204316936330297,0.2263779527559055,0.14134668892598776
