decision_pd_threshold,borrower_count,avg_predicted_pd,observed_default_rate,share_of_portfolio
Approve,1508,0.03488635264454772,0.03050397877984085,0.41958820255982193
Review,1581,0.0861151962854485,0.07906388361796332,0.43989983305509184
Reject,505,0.20082182792378603,0.22772277227722773,0.14051196438508626
